year,month,month_name,total_sales,total_profit
2015,1,January,1051590.08,111660.74
2015,2,February,927009.9,99140.66
2015,3,March,1051253.69,113778.21
2015,4,April,1014463.28,108083.68
2015,5,May,1050478.44,112147.9
2015,6,June,1024006.17,110147.16
2015,7,July,1038081.19,115624.06
2015,8,August,1029494.69,117979.77
2015,9,September,1018338.6,113467.94
2015,10,October,1049154.27,101757.87
2015,11,November,1029120.24,104427.36
2015,12,December,1057840.88,110641.55
2016,1,January,1046308.25,106780.95
2016,2,February,968542.85,86809.49
2016,3,March,1025853.12,101259.99
2016,4,April,1001211.58,114976.62
2016,5,May,1029400.2,110716.12
2016,6,June,1003059.55,104196.07
2016,7,July,1045715.62,119941.72
2016,8,August,1048200.25,110729.54
2016,9,September,1002397.04,123384.71
2016,10,October,1048130.55,116781.97
2016,11,November,1047590.14,109539.2
2016,12,December,1037408.17,105002.69
2017,1,January,1029698.02,114843.85
2017,2,February,992534.9,115111.07
2017,3,March,1048004.78,118688.9
2017,4,April,1038321.62,115961.06
2017,5,May,1105485.32,115014.64
2017,6,June,1032086.49,110399.29
2017,7,July,1104373.36,113026.7
2017,8,August,1109337.17,131501.16
2017,9,September,1143775.11,122462.39
2017,10,October,1073994.17,113447.17
2017,11,November,626914.38,67791.25
2017,12,December,503910.82,65837.63
2018,1,January,331650.12,33841.89
