order_region,total_orders,total_sales,total_profit
Western Europe,10010,5894380.77,625446.08
Central America,9396,5665712.1,616341.57
South America,4979,2960881.41,335154.4
Northern Europe,3716,2155830.65,233450.6
Southern Europe,3543,2047918.82,230829.23
Oceania,4362,2016654.2,201478.02
Southeast Asia,4356,1932495.57,211342.82
Caribbean,2806,1651019.33,171825.64
West of USA,2667,1571415.96,164940.66
South Asia,3335,1553680.92,165703.9
Eastern Asia,3318,1486401.34,147368.01
East of USA,2323,1371111.99,156263.3
West Asia,2022,1174671.78,118815.41
US Center,1935,1151355.77,131094.23
South of  USA,1345,785783.95,88114.88
Eastern Europe,1292,774266.57,79717.05
West Africa,1223,727951.19,80030.27
North Africa,1064,634752.22,64599.86
East Africa,613,376234.9,43167.73
Central Africa,556,327263.02,33447.27
Southern Africa,398,228251.59,30826.05
Canada,309,186861.04,23900.71
Central Asia,184,109839.93,13045.28
