product_name,category_name,total_orders,quantity_sold,total_sales,total_profit
Field & Stream Sportsman 16 Gun Fire Safe,Fishing,15164,17325,6929653.69,756220.77
Perfect Fitness Perfect Rip Deck,Cleats,20359,73698,4421143.14,493828.3
Diamondback Women's Serene Classic Comfort Bi,Camping & Hiking,12299,13729,4118425.57,427455.57
Nike Men's Free 5.0+ Running Shoe,Cardio Equipment,11092,36680,3667633.2,379915.82
Nike Men's Dri-FIT Victory Golf Polo,Women's Apparel,17869,62956,3147800.0,350421.03
Pelican Sunstream 100 Kayak,Water Sports,13727,15500,3099845.09,324076.37
Nike Men's CJ Elite 2 TD Football Cleat,Men's Footwear,18783,22246,2891757.66,311902.82
O'Brien Men's Neoprene Life Vest,Indoor/Outdoor Games,16623,57803,2888993.91,318451.43
Under Armour Girls' Toddler Spine Surge Runni,Shop By Sport,9825,31735,1269082.67,126278.51
Dell Laptop,Computers,442,442,663000.0,69656.81
