category_name,average_discount,total_sales,total_profit
Computers,153.36,663000.0,69656.81
Strength Training,54.92,54895.53,332.31
Garden,53.87,257768.73,33443.01
Crafts,46.93,223356.33,25531.17
Cameras,45.92,267607.69,30289.8
Fishing,40.67,6929653.69,756220.77
Children's Clothing,36.24,232829.2,27178.1
Basketball,35.85,27099.33,1845.67
Sporting Goods,33.55,117006.75,12518.61
As Seen on  TV!,30.67,20597.94,714.43
Camping & Hiking,30.5,4118425.57,427455.57
Cardio Equipment,30.08,3694843.2,383011.1
Health and Beauty,29.7,106080.48,9493.63
Music,26.42,113122.1,14436.32
Consumer Electronics,25.72,108991.28,13223.4
Women's Golf Clubs,25.29,44545.97,5028.64
Kids' Golf Clubs,24.37,98797.58,9045.84
Women's Clothing,22.02,140283.0,19102.85
Golf Shoes,21.98,107998.0,12406.07
Men's Clothing,21.65,43856.8,2006.04
Boxing & MMA,21.13,85205.41,8641.37
Water Sports,20.38,3113844.68,325146.96
Soccer,18.67,26477.05,3901.95
Cleats,18.34,4431942.78,494636.92
DVDs,16.76,79395.54,6655.43
Men's Golf Clubs,16.47,47035.8,5517.99
Golf Bags & Carts,15.88,10369.39,1810.07
Baseball & Softball,15.38,94057.15,12762.13
Women's Apparel,15.21,3147800.0,350421.03
Indoor/Outdoor Games,15.2,2888993.91,318451.43
Tennis & Racquet,13.78,44585.09,5747.98
Hunting & Shooting,13.61,56848.42,5980.0
Men's Footwear,13.22,2891757.66,311902.82
Girls' Apparel,12.94,151706.2,17288.57
Fitness Accessories,12.48,35601.44,5258.39
Shop By Sport,12.08,1309522.04,129813.96
Electronics,11.98,371034.64,40891.38
Lacrosse,11.81,39464.79,4364.29
Golf Gloves,11.16,116695.39,12975.49
Pet Supplies,8.57,41524.8,3589.26
Golf Apparel,8.01,34969.75,3496.31
Accessories,7.86,133671.51,16643.52
Hockey,7.75,48360.73,5397.43
Trade-In,7.26,68721.78,7915.37
Baby,6.16,12229.56,1525.03
Golf Balls,5.27,77098.16,8342.67
Video Games,4.06,33310.5,2717.52
Books,3.18,12587.4,883.01
Toys,1.17,6104.66,900.71
CDs,1.15,3059.59,383.85
