product_name,category_name,total_sales,total_profit,average_profit_margin
Field & Stream Sportsman 16 Gun Fire Safe,Fishing,6929653.69,756220.77,12.13
Perfect Fitness Perfect Rip Deck,Cleats,4421143.14,493828.3,12.45
Diamondback Women's Serene Classic Comfort Bi,Camping & Hiking,4118425.57,427455.57,11.58
Nike Men's Free 5.0+ Running Shoe,Cardio Equipment,3667633.2,379915.82,11.88
Nike Men's Dri-FIT Victory Golf Polo,Women's Apparel,3147800.0,350421.03,12.2
Pelican Sunstream 100 Kayak,Water Sports,3099845.09,324076.37,11.64
O'Brien Men's Neoprene Life Vest,Indoor/Outdoor Games,2888993.91,318451.43,12.38
Nike Men's CJ Elite 2 TD Football Cleat,Men's Footwear,2891757.66,311902.82,11.99
Under Armour Girls' Toddler Spine Surge Runni,Shop By Sport,1269082.67,126278.51,11.23
Dell Laptop,Computers,663000.0,69656.81,11.69
