product_key,product_id,product_name,category_id,category_name,department_id,department_name,product_price
1,1360,Smart watch,73,Sporting Goods,2,Fitness,327.75
2,365,Perfect Fitness Perfect Rip Deck,17,Cleats,4,Apparel,59.99000168
3,627,Under Armour Girls' Toddler Spine Surge Runni,29,Shop By Sport,5,Golf,39.99000168
4,502,Nike Men's Dri-FIT Victory Golf Polo,24,Women's Apparel,5,Golf,50.0
5,278,Under Armour Men's Compression EV SL Slide,13,Electronics,3,Footwear,44.99000168
6,249,Under Armour Women's Micro G Skulpt Running S,12,Boxing & MMA,3,Footwear,54.97000122
7,191,Nike Men's Free 5.0+ Running Shoe,9,Cardio Equipment,3,Footwear,99.98999786
8,917,Glove It Women's Mod Oval 3-Zip Carry All Gol,41,Trade-In,6,Outdoors,21.98999977
9,828,Bridgestone e6 Straight Distance NFL San Dieg,37,Electronics,6,Outdoors,31.98999977
10,642,Columbia Men's PFG Anchor Tough T-Shirt,29,Shop By Sport,5,Golf,30.0
11,818,Titleist Pro V1x Golf Balls,37,Electronics,6,Outdoors,47.99000168
12,825,Bridgestone e6 Straight Distance NFL Tennesse,37,Electronics,6,Outdoors,31.98999977
13,306,Polar FT4 Heart Rate Monitor,38,Kids' Golf Clubs,6,Outdoors,89.98999786
14,977,ENO Atlas Hammock Straps,44,Hunting & Shooting,7,Fan Shop,29.98999977
15,44,adidas Men's F10 Messi TRX FG Soccer Cleat,3,Baseball & Softball,2,Fitness,59.99000168
16,251,Brooks Women's Ghost 6 Running Shoe,12,Boxing & MMA,3,Footwear,89.98999786
17,403,Nike Men's CJ Elite 2 TD Football Cleat,18,Men's Footwear,4,Apparel,129.9900055
18,957,Diamondback Women's Serene Classic Comfort Bi,43,Camping & Hiking,7,Fan Shop,299.980011
19,1352,Industrial consumer electronics,65,Consumer Electronics,10,Technology,252.8800049
20,1349,Web Camera,62,Cameras,10,Technology,452.0400085
21,1351,Dell Laptop,64,Computers,10,Technology,1500.0
22,60,SOLE E25 Elliptical,4,Basketball,2,Fitness,999.9899902
23,24,Elevation Training Mask 2.0,2,Soccer,2,Fitness,79.98999786
24,567,adidas Men's Germany Black Crest Away Tee,26,Girls' Apparel,5,Golf,25.0
25,893,Team Golf Pittsburgh Steelers Putter Grip,40,Accessories,6,Outdoors,24.98999977
26,924,Glove It Urban Brick Golf Towel,41,Trade-In,6,Outdoors,15.98999977
27,905,Team Golf Texas Longhorns Putter Grip,40,Accessories,6,Outdoors,24.98999977
28,564,Nike Men's Deutschland Weltmeister Winners Bl,26,Girls' Apparel,5,Golf,30.0
29,885,Team Golf St. Louis Cardinals Putter Grip,40,Accessories,6,Outdoors,24.98999977
30,1363,Summer dresses,76,Women's Clothing,4,Apparel,215.8200073
31,1353,Porcelain crafts,66,Crafts,4,Apparel,461.480011
32,1357,Men's gala suit,70,Men's Clothing,4,Apparel,210.8500061
33,906,Team Golf Tennessee Volunteers Putter Grip,40,Accessories,6,Outdoors,24.98999977
34,886,Team Golf San Francisco Giants Putter Grip,40,Accessories,6,Outdoors,24.98999977
35,926,Glove It Imperial Golf Towel,41,Trade-In,6,Outdoors,15.98999977
36,116,Nike Men's Comfort 2 Slide,6,Tennis & Racquet,2,Fitness,44.99000168
37,235,Under Armour Hustle Storm Medium Duffle Bag,11,Fitness Accessories,3,Footwear,34.99000168
38,273,Under Armour Kids' Mercenary Slide,13,Electronics,3,Footwear,27.98999977
39,282,Under Armour Women's Ignite PIP VI Slide,13,Electronics,3,Footwear,31.98999977
40,359,Nike Men's Free TR 5.0 TB Training Shoe,16,As Seen on  TV!,3,Footwear,99.98999786
41,565,adidas Youth Germany Black/Red Away Match Soc,26,Girls' Apparel,5,Golf,70.0
42,572,TYR Boys' Team Digi Jammer,26,Girls' Apparel,5,Golf,39.99000168
43,804,Glove It Women's Imperial Golf Glove,36,Golf Balls,6,Outdoors,19.98999977
44,822,Titleist Pro V1x High Numbers Golf Balls,37,Electronics,6,Outdoors,47.99000168
45,835,Bridgestone e6 Straight Distance NFL Carolina,37,Electronics,6,Outdoors,31.98999977
46,276,Under Armour Women's Ignite Slide,13,Electronics,3,Footwear,31.98999977
47,823,Titleist Pro V1x High Numbers Personalized Go,37,Electronics,6,Outdoors,51.99000168
48,203,GoPro HERO3+ Black Edition Camera,10,Strength Training,3,Footwear,399.9899902
49,364,Total Gym 1400,17,Cleats,4,Apparel,299.9899902
50,1350,Children's heaters,63,Children's Clothing,4,Apparel,357.1000061
51,897,Team Golf New England Patriots Putter Grip,40,Accessories,6,Outdoors,24.98999977
52,37,adidas Kids' F5 Messi FG Soccer Cleat,3,Baseball & Softball,2,Fitness,34.99000168
53,172,Nike Women's Tempo Shorts,9,Cardio Equipment,3,Footwear,30.0
54,810,Glove It Women's Mod Oval Golf Glove,36,Golf Balls,6,Outdoors,19.98999977
55,821,Titleist Pro V1 High Numbers Personalized Gol,37,Electronics,6,Outdoors,51.99000168
56,93,Under Armour Men's Tech II T-Shirt,5,Lacrosse,2,Fitness,24.98999977
57,1347,Baby sweater,60,Baby,4,Apparel,59.08000183
58,305,Mio ALPHA Heart Rate Monitor/Sport Watch,38,Kids' Golf Clubs,6,Outdoors,199.0
59,1004,Field & Stream Sportsman 16 Gun Fire Safe,45,Fishing,7,Fan Shop,399.980011
60,1346,Sports Books,59,Books,8,Book Shop,31.07999992
61,58,Diamondback Boys' Insight 24 Performance Hybr,4,Basketball,2,Fitness,299.9899902
62,311,Polar Loop Activity Tracker,38,Kids' Golf Clubs,6,Outdoors,109.9499969
63,303,Garmin Forerunner 910XT GPS Watch,38,Kids' Golf Clubs,6,Outdoors,399.9899902
64,1354,DVDs,67,DVDs,9,Discs Shop,164.3800049
65,1348,CDs of rock,61,CDs,9,Discs Shop,11.28999996
66,78,Nike Kids' Grade School KD VI Basketball Shoe,5,Lacrosse,2,Fitness,99.98999786
67,258,Nike Women's Free 5.0 TR FIT PRT 4 Training S,12,Boxing & MMA,3,Footwear,94.98999786
68,797,Hirzl Women's Soffft Flex Golf Glove,36,Golf Balls,6,Outdoors,17.98999977
69,981,The North Face Women's Recon Backpack,44,Hunting & Shooting,7,Fan Shop,99.0
70,1355,Lawn mower,68,Garden,6,Outdoors,532.5800171
71,135,Nike Dri-FIT Crew Sock 6 Pack,7,Hockey,2,Fitness,22.0
72,134,Nike Women's Legend V-Neck T-Shirt,7,Hockey,2,Fitness,25.0
73,845,Garmin Approach S4 Golf GPS Watch,38,Kids' Golf Clubs,6,Outdoors,299.9899902
74,982,insta-bed Neverflat Air Mattress,44,Hunting & Shooting,7,Fan Shop,149.9900055
75,625,Nike Men's Kobe IX Elite Low Basketball Shoe,29,Shop By Sport,5,Golf,199.9900055
76,1359,Adult dog supplies,72,Pet Supplies,11,Pet Shop,84.40000153
77,1356,First aid kit,69,Health and Beauty,12,Health and Beauty,293.0400085
78,607,Garmin Approach S3 Golf GPS Watch,41,Trade-In,6,Outdoors,249.9900055
79,1358,Rock music,71,Music,9,Discs Shop,260.6499939
80,1362,Fighting video games,75,Video Games,9,Discs Shop,39.75
81,295,Fitbit The One Wireless Activity & Sleep Trac,38,Kids' Golf Clubs,6,Outdoors,99.94999695
82,127,Stiga Master Series ST3100 Competition Indoor,7,Hockey,2,Fitness,329.9899902
83,61,Diamondback Girls' Clarity 24 Hybrid Bike 201,4,Basketball,2,Fitness,299.9899902
84,35,adidas Brazuca 2014 Official Match Ball,3,Baseball & Softball,2,Fitness,159.9900055
85,858,GolfBuddy VT3 GPS Watch,38,Kids' Golf Clubs,6,Outdoors,199.9900055
86,860,Bushnell Pro X7 Jolt Slope Rangefinder,38,Kids' Golf Clubs,6,Outdoors,599.9899902
87,216,Yakima DoubleDown Ace Hitch Mount 4-Bike Rack,10,Strength Training,3,Footwear,189.0
88,19,Nike Men's Fingertrap Max Training Shoe,2,Soccer,2,Fitness,124.9899979
89,226,Bowflex SelectTech 1090 Dumbbells,11,Fitness Accessories,3,Footwear,599.9899902
90,208,SOLE E35 Elliptical,10,Strength Training,3,Footwear,1999.98999
91,793,Hirzl Women's Hybrid Golf Glove,36,Golf Balls,6,Outdoors,14.98999977
92,792,Hirzl Men's Hybrid Golf Glove,36,Golf Balls,6,Outdoors,14.98999977
93,786,TaylorMade 2014 Purelite Stand Bag,35,Golf Gloves,6,Outdoors,179.9900055
94,778,Bag Boy Beverage Holder,35,Golf Gloves,6,Outdoors,24.98999977
95,777,Bag Boy M330 Push Cart,35,Golf Gloves,6,Outdoors,79.98999786
96,775,Clicgear 8.0 Shoe Brush,35,Golf Gloves,6,Outdoors,9.989999771
97,773,Titleist Small Wheeled Travel Cover,35,Golf Gloves,6,Outdoors,249.9900055
98,771,Clicgear Rovic Cooler Bag,35,Golf Gloves,6,Outdoors,39.99000168
99,768,Titleist Club Glove Travel Cover,35,Golf Gloves,6,Outdoors,299.9899902
100,743,Ogio Race Golf Shoes,34,Golf Bags & Carts,6,Outdoors,169.9900055
101,730,LIJA Women's Argyle Golf Polo,33,Golf Shoes,6,Outdoors,80.0
102,728,LIJA Women's Eyelet Sleeveless Golf Polo,33,Golf Shoes,6,Outdoors,65.0
103,725,LIJA Women's Button Golf Dress,33,Golf Shoes,6,Outdoors,108.0
104,724,LIJA Women's Mid-Length Panel Golf Shorts,33,Golf Shoes,6,Outdoors,100.0
105,715,TaylorMade Women's RBZ SL Rescue,32,Golf Apparel,6,Outdoors,129.9900055
106,705,Cleveland Golf Women's 588 RTX CB Satin Chrom,32,Golf Apparel,6,Outdoors,119.9899979
107,703,Top Flite Women's 2014 XL Hybrid,32,Golf Apparel,6,Outdoors,19.98999977
108,691,MDGolf Pittsburgh Penguins Putter,31,Women's Golf Clubs,6,Outdoors,79.98999786
109,677,TaylorMade White Smoke IN-12 Putter,31,Women's Golf Clubs,6,Outdoors,99.98999786
110,671,Cleveland Golf Collegiate My Custom Wedge 588,31,Women's Golf Clubs,6,Outdoors,209.9900055
111,666,Merrell Men's All Out Flash Trail Running Sho,30,Men's Golf Clubs,6,Outdoors,109.9899979
112,652,Merrell Women's Grassbow Sport Waterproof Hik,30,Men's Golf Clubs,6,Outdoors,129.9900055
113,647,Merrell Women's Siren Mid Waterproof Hiking B,30,Men's Golf Clubs,6,Outdoors,134.9900055
114,646,Merrell Women's Grassbow Sport Hiking Shoe,30,Men's Golf Clubs,6,Outdoors,99.98999786
115,1361,Toys,74,Toys,7,Fan Shop,11.53999996
116,1073,Pelican Sunstream 100 Kayak,48,Water Sports,7,Fan Shop,199.9900055
117,1059,Pelican Maverick 100X Kayak,48,Water Sports,7,Fan Shop,349.9899902
118,1014,O'Brien Men's Neoprene Life Vest,46,Indoor/Outdoor Games,7,Fan Shop,49.97999954
